{
  "capturedAt": "2026-06-25T21:43:09+00:00",
  "raw": {
    "prediction-markets": {
      "mcap_bn": 9.918126469,
      "vol_bn": 0.06040887013,
      "pct_7d": 8.644067008007172
    },
    "stablecoins": {
      "mcap_bn": 302.026173282,
      "vol_bn": 82.218577115,
      "pct_7d": 0.004336205980986076
    },
    "ai-agents": {
      "mcap_bn": 17.252144692,
      "vol_bn": 1.40617387253,
      "pct_7d": -8.195463290680484
    },
    "solana-ecosystem": {
      "mcap_bn": 357.527852968,
      "vol_bn": 87.089411722,
      "pct_7d": -0.6662002220660871
    },
    "depin": {
      "mcap_bn": 6.475830128,
      "vol_bn": 0.524184338,
      "pct_7d": -6.506354790145024
    },
    "rwa": {
      "mcap_bn": 53.030603436,
      "vol_bn": 1.10380863135,
      "pct_7d": -4.1960724895274115
    },
    "defi": {
      "mcap_bn": 75.567646548,
      "vol_bn": 2.605025372,
      "pct_7d": -2.527424125606412
    },
    "liquid-staking": {
      "mcap_bn": 39.488083871,
      "vol_bn": 0.29640838101,
      "pct_7d": -7.377195118946026
    },
    "layer-2": {
      "mcap_bn": 4.981208556,
      "vol_bn": 0.35255007404,
      "pct_7d": -8.515909302423683
    },
    "memecoins": {
      "mcap_bn": 20.459172916,
      "vol_bn": 1.517491932,
      "pct_7d": -13.942834979453547
    },
    "gaming": {
      "mcap_bn": 2.447245364,
      "vol_bn": 0.242616544,
      "pct_7d": -4.378755982886702
    },
    "socialfi": {
      "mcap_bn": 1.053591763,
      "vol_bn": 0.10956097362999999,
      "pct_7d": -9.791995817617478
    },
    "nft": {
      "mcap_bn": 3.804531397,
      "vol_bn": 0.397035449,
      "pct_7d": -7.371877663935674
    },
    "zk": {
      "mcap_bn": 9.633115853,
      "vol_bn": 0.589500559,
      "pct_7d": -9.094229189355351
    },
    "modular": {
      "mcap_bn": 3.254110159,
      "vol_bn": 0.45401793778000005,
      "pct_7d": -11.935336810738363
    },
    "bitcoin-ecosystem": {
      "mcap_bn": 1199.653991197,
      "vol_bn": 41.07117111032,
      "pct_7d": -4.936473315975078
    },
    "oracle": {
      "mcap_bn": 6.065768134,
      "vol_bn": 0.36605711493,
      "pct_7d": -8.583291463649077
    },
    "privacy": {
      "mcap_bn": 13.154903268,
      "vol_bn": 0.5006517984200001,
      "pct_7d": -6.646833595980397
    },
    "dex-perps": {
      "mcap_bn": 22.119131942,
      "vol_bn": 1.57949088,
      "pct_7d": -4.23469151050898
    },
    "cex-tokens": {
      "mcap_bn": 99.644886656,
      "vol_bn": 1.1341678996,
      "pct_7d": -3.637924186761565
    },
    "tokenized-gold": {
      "mcap_bn": 4.912581151,
      "vol_bn": 0.41153911111,
      "pct_7d": -4.356096660844519
    }
  }
}