{
  "capturedAt": "2026-06-21T21:01:25+00:00",
  "raw": {
    "prediction-markets": {
      "mcap_bn": 9.052608517,
      "vol_bn": 0.0655582557,
      "pct_7d": 9.909867697550277
    },
    "stablecoins": {
      "mcap_bn": 303.090813789,
      "vol_bn": 35.527321164,
      "pct_7d": -0.03877682896394247
    },
    "ai-agents": {
      "mcap_bn": 18.970408606,
      "vol_bn": 1.1379498939000001,
      "pct_7d": -1.8349804184438356
    },
    "solana-ecosystem": {
      "mcap_bn": 363.870602861,
      "vol_bn": 38.2356195,
      "pct_7d": 1.011256754424299
    },
    "depin": {
      "mcap_bn": 6.922159737,
      "vol_bn": 0.530500972,
      "pct_7d": -4.61008841843456
    },
    "rwa": {
      "mcap_bn": 55.033048471,
      "vol_bn": 0.52956686167,
      "pct_7d": 2.6220980958079885
    },
    "defi": {
      "mcap_bn": 76.344621455,
      "vol_bn": 1.273189546,
      "pct_7d": 7.831889894318078
    },
    "liquid-staking": {
      "mcap_bn": 42.889062218,
      "vol_bn": 0.27643172123493703,
      "pct_7d": 4.0122534583765885
    },
    "layer-2": {
      "mcap_bn": 5.548862845,
      "vol_bn": 0.19797895768999998,
      "pct_7d": 0.5155480772822008
    },
    "memecoins": {
      "mcap_bn": 25.216094945,
      "vol_bn": 0.804326499,
      "pct_7d": -2.45337517201526
    },
    "gaming": {
      "mcap_bn": 2.589254928,
      "vol_bn": 0.24836677449,
      "pct_7d": -9.981696427789782
    },
    "socialfi": {
      "mcap_bn": 1.131480739,
      "vol_bn": 0.09828320717,
      "pct_7d": 5.558549830029901
    },
    "nft": {
      "mcap_bn": 4.089187922,
      "vol_bn": 0.36890859,
      "pct_7d": -9.3757678058083
    },
    "zk": {
      "mcap_bn": 10.752209338,
      "vol_bn": 0.349073552,
      "pct_7d": 2.701117467958994
    },
    "modular": {
      "mcap_bn": 3.797845814,
      "vol_bn": 0.529526211087451,
      "pct_7d": 2.9622416505512836
    },
    "bitcoin-ecosystem": {
      "mcap_bn": 1278.297511952,
      "vol_bn": 14.36254152837,
      "pct_7d": -0.02737186995082458
    },
    "oracle": {
      "mcap_bn": 6.611402545,
      "vol_bn": 0.19624314872999998,
      "pct_7d": 0.20951390665635228
    },
    "privacy": {
      "mcap_bn": 13.953292314,
      "vol_bn": 0.32708302716393883,
      "pct_7d": 0.0732337411559036
    },
    "dex-perps": {
      "mcap_bn": 23.265442957,
      "vol_bn": 1.038176483,
      "pct_7d": 12.130961861190933
    },
    "cex-tokens": {
      "mcap_bn": 104.76765743,
      "vol_bn": 0.5587655552599999,
      "pct_7d": -2.108210083647405
    },
    "tokenized-gold": {
      "mcap_bn": 5.066177005,
      "vol_bn": 0.08810901609999999,
      "pct_7d": -1.4132766675118178
    }
  }
}