{
  "capturedAt": "2026-06-16T16:38:40+00:00",
  "raw": {
    "prediction-markets": {
      "mcap_bn": 8.744828726,
      "vol_bn": 0.06883333009,
      "pct_7d": 8.974220984276197
    },
    "stablecoins": {
      "mcap_bn": 302.950178274,
      "vol_bn": 69.38793615355,
      "pct_7d": -0.004560129505770939
    },
    "ai-agents": {
      "mcap_bn": 19.782609895,
      "vol_bn": 1.7121652288600002,
      "pct_7d": 9.589388856406657
    },
    "solana-ecosystem": {
      "mcap_bn": 363.955600033,
      "vol_bn": 73.132482511,
      "pct_7d": 2.0481648716511973
    },
    "depin": {
      "mcap_bn": 7.271262347,
      "vol_bn": 0.585495598,
      "pct_7d": 12.650500309775314
    },
    "rwa": {
      "mcap_bn": 55.282851727,
      "vol_bn": 1.888094531,
      "pct_7d": 2.4746907827593088
    },
    "defi": {
      "mcap_bn": 78.150634511,
      "vol_bn": 4.329004761,
      "pct_7d": 11.852980197353592
    },
    "liquid-staking": {
      "mcap_bn": 44.071493292,
      "vol_bn": 0.5766026055200001,
      "pct_7d": 9.00389515523088
    },
    "layer-2": {
      "mcap_bn": 5.642475264,
      "vol_bn": 0.287253759,
      "pct_7d": 5.968829241576528
    },
    "memecoins": {
      "mcap_bn": 26.393222088,
      "vol_bn": 1.72194056,
      "pct_7d": 4.887214586341953
    },
    "gaming": {
      "mcap_bn": 3.52,
      "vol_bn": 0.42,
      "pct_7d": 4.2
    },
    "socialfi": {
      "mcap_bn": 2.11,
      "vol_bn": 0.18,
      "pct_7d": 6.5
    },
    "nft": {
      "mcap_bn": 9.84,
      "vol_bn": 0.55,
      "pct_7d": -2.1
    },
    "zk": {
      "mcap_bn": 2.83,
      "vol_bn": 0.31,
      "pct_7d": 3.0
    },
    "modular": {
      "mcap_bn": 4.61,
      "vol_bn": 0.4,
      "pct_7d": 1.8
    },
    "bitcoin-ecosystem": {
      "mcap_bn": 28.5,
      "vol_bn": 1.95,
      "pct_7d": 5.6
    },
    "oracle": {
      "mcap_bn": 12.4,
      "vol_bn": 0.88,
      "pct_7d": 2.3
    },
    "privacy": {
      "mcap_bn": 8.92,
      "vol_bn": 0.36,
      "pct_7d": 1.1
    },
    "dex-perps": {
      "mcap_bn": 21.0,
      "vol_bn": 3.1,
      "pct_7d": 8.8
    },
    "cex-tokens": {
      "mcap_bn": 110.0,
      "vol_bn": 2.4,
      "pct_7d": 0.9
    },
    "tokenized-gold": {
      "mcap_bn": 2.34,
      "vol_bn": 0.21,
      "pct_7d": 1.5
    }
  }
}