{
  "capturedAt": "2026-06-28T21:01:59+00:00",
  "raw": {
    "prediction-markets": {
      "mcap_bn": 10.407988876,
      "vol_bn": 0.06679570175,
      "pct_7d": 8.2831309274557
    },
    "stablecoins": {
      "mcap_bn": 302.275177279,
      "vol_bn": 33.42501737188,
      "pct_7d": -0.02296338831926434
    },
    "ai-agents": {
      "mcap_bn": 17.712219971,
      "vol_bn": 0.9109275933300001,
      "pct_7d": 2.3272574670761137
    },
    "solana-ecosystem": {
      "mcap_bn": 359.925407904,
      "vol_bn": 36.01743519,
      "pct_7d": -0.8566677124128386
    },
    "depin": {
      "mcap_bn": 6.384577501,
      "vol_bn": 0.293007409,
      "pct_7d": -6.87106495880345
    },
    "rwa": {
      "mcap_bn": 53.009561237,
      "vol_bn": 0.55387676871,
      "pct_7d": -3.148130770519258
    },
    "defi": {
      "mcap_bn": 75.453298782,
      "vol_bn": 1.342747316,
      "pct_7d": 1.1829773858324943
    },
    "liquid-staking": {
      "mcap_bn": 39.685432713,
      "vol_bn": 0.22261743043999999,
      "pct_7d": -7.93482369460335
    },
    "layer-2": {
      "mcap_bn": 4.982397906,
      "vol_bn": 0.396826549,
      "pct_7d": -8.060711120741976
    },
    "memecoins": {
      "mcap_bn": 20.071761359,
      "vol_bn": 0.974564264,
      "pct_7d": -13.86573672289219
    },
    "gaming": {
      "mcap_bn": 2.617729774,
      "vol_bn": 0.144535587,
      "pct_7d": 5.332823450326002
    },
    "socialfi": {
      "mcap_bn": 1.155434827,
      "vol_bn": 0.1385854962,
      "pct_7d": -5.100061356026476
    },
    "nft": {
      "mcap_bn": 3.981960787,
      "vol_bn": 0.23982619,
      "pct_7d": 0.19242166954660048
    },
    "zk": {
      "mcap_bn": 9.023010539,
      "vol_bn": 0.339142991,
      "pct_7d": -14.791197363836956
    },
    "modular": {
      "mcap_bn": 3.315239754,
      "vol_bn": 0.34569350068,
      "pct_7d": -12.851951869722003
    },
    "bitcoin-ecosystem": {
      "mcap_bn": 1194.563494812,
      "vol_bn": 15.608507539439998,
      "pct_7d": -6.529422180530583
    },
    "oracle": {
      "mcap_bn": 6.061311589,
      "vol_bn": 0.22081840929,
      "pct_7d": -8.28952596952285
    },
    "privacy": {
      "mcap_bn": 12.691893587,
      "vol_bn": 0.33242697879339494,
      "pct_7d": -8.158044020456947
    },
    "dex-perps": {
      "mcap_bn": 21.628205902,
      "vol_bn": 0.837391166,
      "pct_7d": -7.263655336367742
    },
    "cex-tokens": {
      "mcap_bn": 98.366814866,
      "vol_bn": 0.66491701264,
      "pct_7d": -6.0033966909423695
    },
    "tokenized-gold": {
      "mcap_bn": 4.975609221,
      "vol_bn": 0.08735270003000001,
      "pct_7d": -1.9645680971357393
    }
  }
}