{
  "capturedAt": "2026-06-26T21:19:32+00:00",
  "raw": {
    "prediction-markets": {
      "mcap_bn": 10.461323634,
      "vol_bn": 0.05711509319000001,
      "pct_7d": 8.192242366948683
    },
    "stablecoins": {
      "mcap_bn": 302.276813594,
      "vol_bn": 82.337744061,
      "pct_7d": -0.03413208943934174
    },
    "ai-agents": {
      "mcap_bn": 17.365823841,
      "vol_bn": 1.27377654353,
      "pct_7d": -5.686807285440037
    },
    "solana-ecosystem": {
      "mcap_bn": 360.651798408,
      "vol_bn": 88.6001033,
      "pct_7d": 0.2477891967696199
    },
    "depin": {
      "mcap_bn": 6.548967339,
      "vol_bn": 0.470069495,
      "pct_7d": -5.220469705501028
    },
    "rwa": {
      "mcap_bn": 52.470399967,
      "vol_bn": 0.97214957204,
      "pct_7d": -4.238298721249618
    },
    "defi": {
      "mcap_bn": 76.551625553,
      "vol_bn": 2.677611876,
      "pct_7d": 0.8686784251470001
    },
    "liquid-staking": {
      "mcap_bn": 39.728449258,
      "vol_bn": 0.38955435047000003,
      "pct_7d": -6.804816652658198
    },
    "layer-2": {
      "mcap_bn": 4.994624985,
      "vol_bn": 0.32669729238,
      "pct_7d": -7.686168614099854
    },
    "memecoins": {
      "mcap_bn": 20.508564317,
      "vol_bn": 1.460242684,
      "pct_7d": -11.881941012650174
    },
    "gaming": {
      "mcap_bn": 2.616577852,
      "vol_bn": 0.251112025,
      "pct_7d": 7.188483054798237
    },
    "socialfi": {
      "mcap_bn": 1.105298789,
      "vol_bn": 0.09035674998,
      "pct_7d": -3.9951777842857608
    },
    "nft": {
      "mcap_bn": 3.988133137,
      "vol_bn": 0.401919925,
      "pct_7d": 0.3142034748328205
    },
    "zk": {
      "mcap_bn": 9.710112537,
      "vol_bn": 0.646702,
      "pct_7d": -8.049756922530044
    },
    "modular": {
      "mcap_bn": 3.246546361,
      "vol_bn": 0.51765912245,
      "pct_7d": -12.357410947446748
    },
    "bitcoin-ecosystem": {
      "mcap_bn": 1197.390870998,
      "vol_bn": 40.533768547730006,
      "pct_7d": -5.505014326407475
    },
    "oracle": {
      "mcap_bn": 6.125519014,
      "vol_bn": 0.33883388,
      "pct_7d": -7.062408352402382
    },
    "privacy": {
      "mcap_bn": 13.491142728,
      "vol_bn": 0.5974403976500001,
      "pct_7d": -1.8816966647417328
    },
    "dex-perps": {
      "mcap_bn": 22.160537675,
      "vol_bn": 1.583679042,
      "pct_7d": -5.489005785603519
    },
    "cex-tokens": {
      "mcap_bn": 100.403675341,
      "vol_bn": 1.30698640397,
      "pct_7d": -3.131790340216172
    },
    "tokenized-gold": {
      "mcap_bn": 4.962339254,
      "vol_bn": 0.30067594253,
      "pct_7d": -2.3127607191901767
    }
  }
}