{
  "capturedAt": "2026-06-19T21:00:11+00:00",
  "raw": {
    "prediction-markets": {
      "mcap_bn": 9.110032553,
      "vol_bn": 0.062005075,
      "pct_7d": 10.57079858782102
    },
    "stablecoins": {
      "mcap_bn": 303.033828659,
      "vol_bn": 48.618925527559995,
      "pct_7d": -0.01982489232138045
    },
    "ai-agents": {
      "mcap_bn": 18.667477664,
      "vol_bn": 1.18157005262,
      "pct_7d": 2.9855311349336566
    },
    "solana-ecosystem": {
      "mcap_bn": 361.065071431,
      "vol_bn": 51.387230928,
      "pct_7d": 0.4208198774105072
    },
    "depin": {
      "mcap_bn": 6.878001164,
      "vol_bn": 0.506739121,
      "pct_7d": 3.9659331948340952
    },
    "rwa": {
      "mcap_bn": 55.028350491,
      "vol_bn": 1.5190055259200002,
      "pct_7d": 1.8059482981496977
    },
    "defi": {
      "mcap_bn": 76.151228834,
      "vol_bn": 2.25809934,
      "pct_7d": 7.757781178121476
    },
    "liquid-staking": {
      "mcap_bn": 42.454290784,
      "vol_bn": 0.35623054648,
      "pct_7d": 3.3791283016565217
    },
    "layer-2": {
      "mcap_bn": 5.494695248,
      "vol_bn": 0.26271829908,
      "pct_7d": 1.236642640752338
    },
    "memecoins": {
      "mcap_bn": 25.149840406,
      "vol_bn": 0.919333051,
      "pct_7d": -3.639917486420345
    },
    "gaming": {
      "mcap_bn": 2.821518731,
      "vol_bn": 0.245340901,
      "pct_7d": -15.666508151378466
    },
    "socialfi": {
      "mcap_bn": 1.070943804,
      "vol_bn": 0.07597380605,
      "pct_7d": -3.33090183090305
    },
    "nft": {
      "mcap_bn": 4.095863076,
      "vol_bn": 0.399543942,
      "pct_7d": -9.925311492354044
    },
    "zk": {
      "mcap_bn": 10.831929728,
      "vol_bn": 0.864028025,
      "pct_7d": 6.5177668107326445
    },
    "modular": {
      "mcap_bn": 3.743315911,
      "vol_bn": 0.46870183181999997,
      "pct_7d": 6.8287612477456845
    },
    "bitcoin-ecosystem": {
      "mcap_bn": 1265.27207698,
      "vol_bn": 21.52177095152,
      "pct_7d": -0.7421543325052059
    },
    "oracle": {
      "mcap_bn": 6.54054656,
      "vol_bn": 0.30487251292,
      "pct_7d": 0.7756850116213373
    },
    "privacy": {
      "mcap_bn": 13.860777384,
      "vol_bn": 0.5235543031139678,
      "pct_7d": -0.6230267812123383
    },
    "dex-perps": {
      "mcap_bn": 23.535476147,
      "vol_bn": 1.717129145,
      "pct_7d": 12.643618093503086
    },
    "cex-tokens": {
      "mcap_bn": 103.767870162,
      "vol_bn": 0.9610516994299999,
      "pct_7d": -2.3773310072849125
    },
    "tokenized-gold": {
      "mcap_bn": 5.081599333,
      "vol_bn": 0.27777077561,
      "pct_7d": -1.296998689447192
    }
  }
}