{
  "capturedAt": "2026-07-01T21:38:59+00:00",
  "raw": {
    "prediction-markets": {
      "mcap_bn": 10.408792528,
      "vol_bn": 0.059574632429999996,
      "pct_7d": -1.8978981900113165
    },
    "stablecoins": {
      "mcap_bn": 299.867863133,
      "vol_bn": 70.851258686,
      "pct_7d": 0.024640039784176993
    },
    "ai-agents": {
      "mcap_bn": 17.952954709,
      "vol_bn": 1.1221131273200002,
      "pct_7d": 6.687792293598664
    },
    "solana-ecosystem": {
      "mcap_bn": 362.287936535,
      "vol_bn": 75.419865317,
      "pct_7d": 2.0856105806525296
    },
    "depin": {
      "mcap_bn": 6.468913504,
      "vol_bn": 0.443503407,
      "pct_7d": -1.1634175363288703
    },
    "rwa": {
      "mcap_bn": 54.298301061,
      "vol_bn": 1.43174791692,
      "pct_7d": 2.061410235683716
    },
    "defi": {
      "mcap_bn": 74.905725618,
      "vol_bn": 1.896999641,
      "pct_7d": -0.34447173419489135
    },
    "liquid-staking": {
      "mcap_bn": 41.203874511,
      "vol_bn": 0.30079770559,
      "pct_7d": 1.8585040853351047
    },
    "layer-2": {
      "mcap_bn": 5.093935869,
      "vol_bn": 1.136374529,
      "pct_7d": -0.07264398769874901
    },
    "memecoins": {
      "mcap_bn": 21.157946107,
      "vol_bn": 1.224861339,
      "pct_7d": -3.9818952231921285
    },
    "gaming": {
      "mcap_bn": 2.791106913,
      "vol_bn": 0.223548771,
      "pct_7d": 19.65715619971951
    },
    "socialfi": {
      "mcap_bn": 1.180348478,
      "vol_bn": 0.09052493083999999,
      "pct_7d": 10.466090253630835
    },
    "nft": {
      "mcap_bn": 4.171508127,
      "vol_bn": 0.364246572,
      "pct_7d": 12.9930575000417
    },
    "zk": {
      "mcap_bn": 9.678677071,
      "vol_bn": 0.519498608,
      "pct_7d": 0.4578914665799208
    },
    "modular": {
      "mcap_bn": 3.341340813,
      "vol_bn": 0.389697785866384,
      "pct_7d": -1.7946343482558984
    },
    "bitcoin-ecosystem": {
      "mcap_bn": 1218.256685056,
      "vol_bn": 35.69712849222,
      "pct_7d": 1.5522998878330734
    },
    "oracle": {
      "mcap_bn": 6.274549439,
      "vol_bn": 0.309237611,
      "pct_7d": 1.2257167935387556
    },
    "privacy": {
      "mcap_bn": 13.259860362,
      "vol_bn": 0.49164447168340414,
      "pct_7d": 0.5556718853920904
    },
    "dex-perps": {
      "mcap_bn": 22.24986271,
      "vol_bn": 1.398860038,
      "pct_7d": 3.002304037269103
    },
    "cex-tokens": {
      "mcap_bn": 100.112571504,
      "vol_bn": 0.9743238462999999,
      "pct_7d": -0.2675725480173197
    },
    "tokenized-gold": {
      "mcap_bn": 4.931558253,
      "vol_bn": 0.35451648259,
      "pct_7d": 1.1563389120168828
    }
  }
}