{
  "capturedAt": "2026-06-29T21:27:02+00:00",
  "raw": {
    "prediction-markets": {
      "mcap_bn": 10.636794696,
      "vol_bn": 0.06356873441,
      "pct_7d": -0.6913227563870024
    },
    "stablecoins": {
      "mcap_bn": 302.165512138,
      "vol_bn": 75.794500503,
      "pct_7d": -0.027788160146114283
    },
    "ai-agents": {
      "mcap_bn": 18.165236913,
      "vol_bn": 1.16196505471,
      "pct_7d": 1.606412774388134
    },
    "solana-ecosystem": {
      "mcap_bn": 362.962740014,
      "vol_bn": 81.430082003,
      "pct_7d": 0.23086820775334516
    },
    "depin": {
      "mcap_bn": 6.460452992,
      "vol_bn": 0.458436125,
      "pct_7d": -5.854378358700141
    },
    "rwa": {
      "mcap_bn": 53.08587249,
      "vol_bn": 0.8135820637200001,
      "pct_7d": -2.9238681505866793
    },
    "defi": {
      "mcap_bn": 77.430841543,
      "vol_bn": 2.193723716,
      "pct_7d": -2.640245032430139
    },
    "liquid-staking": {
      "mcap_bn": 40.837600387,
      "vol_bn": 0.28529075476,
      "pct_7d": -5.698388009478674
    },
    "layer-2": {
      "mcap_bn": 5.095965393,
      "vol_bn": 0.321564801,
      "pct_7d": -5.702032323504801
    },
    "memecoins": {
      "mcap_bn": 20.356479622,
      "vol_bn": 1.284953895,
      "pct_7d": -11.990935781880237
    },
    "gaming": {
      "mcap_bn": 2.689999964,
      "vol_bn": 0.192162223,
      "pct_7d": 15.997384153723596
    },
    "socialfi": {
      "mcap_bn": 1.177890549,
      "vol_bn": 0.11782401545999999,
      "pct_7d": -2.96194694698832
    },
    "nft": {
      "mcap_bn": 4.088274833,
      "vol_bn": 0.339828504,
      "pct_7d": 8.739527623347586
    },
    "zk": {
      "mcap_bn": 9.531730347,
      "vol_bn": 0.488993768,
      "pct_7d": -10.139085777968768
    },
    "modular": {
      "mcap_bn": 3.468506056,
      "vol_bn": 0.38036488727000006,
      "pct_7d": -9.506441443323784
    },
    "bitcoin-ecosystem": {
      "mcap_bn": 1208.922400139,
      "vol_bn": 33.80016628253,
      "pct_7d": -6.313620563471361
    },
    "oracle": {
      "mcap_bn": 6.238380699,
      "vol_bn": 0.347752534,
      "pct_7d": -5.885057170921859
    },
    "privacy": {
      "mcap_bn": 13.169543118,
      "vol_bn": 0.46865678576340475,
      "pct_7d": -7.490841112182948
    },
    "dex-perps": {
      "mcap_bn": 22.912193748,
      "vol_bn": 1.340237281,
      "pct_7d": -0.796733444503895
    },
    "cex-tokens": {
      "mcap_bn": 100.035371505,
      "vol_bn": 0.915599448,
      "pct_7d": -4.886682527922075
    },
    "tokenized-gold": {
      "mcap_bn": 4.886999419,
      "vol_bn": 0.25999941320000003,
      "pct_7d": -4.088266415862673
    }
  }
}