{
  "capturedAt": "2026-07-02T21:07:56+00:00",
  "raw": {
    "prediction-markets": {
      "mcap_bn": 10.375460193,
      "vol_bn": 0.057969456159999995,
      "pct_7d": -1.2583040348499663
    },
    "stablecoins": {
      "mcap_bn": 299.353981485,
      "vol_bn": 80.66990138,
      "pct_7d": 0.03785268315090124
    },
    "ai-agents": {
      "mcap_bn": 17.945041292,
      "vol_bn": 1.2921672,
      "pct_7d": 5.105855500432475
    },
    "solana-ecosystem": {
      "mcap_bn": 363.830242319,
      "vol_bn": 86.034515329,
      "pct_7d": 3.323349305721735
    },
    "depin": {
      "mcap_bn": 6.596326533,
      "vol_bn": 0.467800109,
      "pct_7d": 2.5956580479420692
    },
    "rwa": {
      "mcap_bn": 54.523099746,
      "vol_bn": 1.03260407718,
      "pct_7d": 2.9116694984774907
    },
    "defi": {
      "mcap_bn": 78.051674422,
      "vol_bn": 2.13707511,
      "pct_7d": 4.1919376065599625
    },
    "liquid-staking": {
      "mcap_bn": 43.025949374,
      "vol_bn": 0.29529272681,
      "pct_7d": 9.586060354990064
    },
    "layer-2": {
      "mcap_bn": 5.190611083,
      "vol_bn": 0.289321581,
      "pct_7d": 6.227135415398515
    },
    "memecoins": {
      "mcap_bn": 21.787871977,
      "vol_bn": 1.379804681,
      "pct_7d": 10.779935922640222
    },
    "gaming": {
      "mcap_bn": 2.869631779,
      "vol_bn": 0.192801461,
      "pct_7d": 23.030615739996772
    },
    "socialfi": {
      "mcap_bn": 1.210530843,
      "vol_bn": 0.12822439322,
      "pct_7d": 18.297225332220314
    },
    "nft": {
      "mcap_bn": 4.268247548,
      "vol_bn": 0.34772321,
      "pct_7d": 17.195235943913705
    },
    "zk": {
      "mcap_bn": 10.002186368,
      "vol_bn": 0.576806208,
      "pct_7d": 6.64279581104315
    },
    "modular": {
      "mcap_bn": 3.431903776,
      "vol_bn": 0.42624383404000005,
      "pct_7d": 6.938161385554882
    },
    "bitcoin-ecosystem": {
      "mcap_bn": 1233.006164215,
      "vol_bn": 43.866380009699995,
      "pct_7d": 3.657924366897191
    },
    "oracle": {
      "mcap_bn": 6.484446167,
      "vol_bn": 0.397209223,
      "pct_7d": 8.084113036357257
    },
    "privacy": {
      "mcap_bn": 13.652316103,
      "vol_bn": 0.5167179212234042,
      "pct_7d": 5.827136208668363
    },
    "dex-perps": {
      "mcap_bn": 23.19715085,
      "vol_bn": 1.531029885,
      "pct_7d": 6.8604523478532595
    },
    "cex-tokens": {
      "mcap_bn": 100.472012587,
      "vol_bn": 1.01529225795,
      "pct_7d": 1.6036158825154134
    },
    "tokenized-gold": {
      "mcap_bn": 5.028858968,
      "vol_bn": 0.33311770469999996,
      "pct_7d": 2.4327658461125905
    }
  }
}