{
  "capturedAt": "2026-06-30T21:28:15+00:00",
  "raw": {
    "prediction-markets": {
      "mcap_bn": 10.502648244,
      "vol_bn": 0.045017303589999995,
      "pct_7d": 0.3447282009638299
    },
    "stablecoins": {
      "mcap_bn": 300.068767895,
      "vol_bn": 66.58747298134,
      "pct_7d": -0.00920408001976534
    },
    "ai-agents": {
      "mcap_bn": 17.425148392,
      "vol_bn": 1.03648419655,
      "pct_7d": 8.76658795457933
    },
    "solana-ecosystem": {
      "mcap_bn": 358.903783306,
      "vol_bn": 70.147587434,
      "pct_7d": 0.5211507417296158
    },
    "depin": {
      "mcap_bn": 6.281285543,
      "vol_bn": 0.398687812,
      "pct_7d": -6.006121912958345
    },
    "rwa": {
      "mcap_bn": 52.650908355,
      "vol_bn": 1.92061084114,
      "pct_7d": -2.6856276746165144
    },
    "defi": {
      "mcap_bn": 75.243026141,
      "vol_bn": 1.716015545,
      "pct_7d": 1.1671571783115915
    },
    "liquid-staking": {
      "mcap_bn": 39.748107395,
      "vol_bn": 0.26001638247,
      "pct_7d": -4.463887466762676
    },
    "layer-2": {
      "mcap_bn": 4.963000033,
      "vol_bn": 0.249684781,
      "pct_7d": -5.567744159655104
    },
    "memecoins": {
      "mcap_bn": 19.98863088,
      "vol_bn": 1.269469447,
      "pct_7d": -10.372960032957833
    },
    "gaming": {
      "mcap_bn": 2.688596919,
      "vol_bn": 0.17262499580000001,
      "pct_7d": 1.2177334527960777
    },
    "socialfi": {
      "mcap_bn": 1.149460919,
      "vol_bn": 0.09624570892,
      "pct_7d": -0.27281743419353927
    },
    "nft": {
      "mcap_bn": 4.034951961,
      "vol_bn": 0.335124423,
      "pct_7d": -0.2123704199606901
    },
    "zk": {
      "mcap_bn": 9.305469342,
      "vol_bn": 0.469841693,
      "pct_7d": -6.003963349189621
    },
    "modular": {
      "mcap_bn": 3.243439253,
      "vol_bn": 0.389376282506399,
      "pct_7d": -6.679711612757202
    },
    "bitcoin-ecosystem": {
      "mcap_bn": 1173.8045729,
      "vol_bn": 32.075782096560005,
      "pct_7d": -6.186155568683562
    },
    "oracle": {
      "mcap_bn": 6.030687475,
      "vol_bn": 0.34512354,
      "pct_7d": -4.950023178596381
    },
    "privacy": {
      "mcap_bn": 12.835713302,
      "vol_bn": 0.45062713717340414,
      "pct_7d": -4.208357521005479
    },
    "dex-perps": {
      "mcap_bn": 22.15103797,
      "vol_bn": 1.181292181,
      "pct_7d": 2.1602649718510647
    },
    "cex-tokens": {
      "mcap_bn": 98.156251034,
      "vol_bn": 0.80327975706,
      "pct_7d": -4.268066086939976
    },
    "tokenized-gold": {
      "mcap_bn": 4.890045853,
      "vol_bn": 0.39142594171,
      "pct_7d": -2.441192067382551
    }
  }
}