{
  "capturedAt": "2026-06-27T21:04:44+00:00",
  "raw": {
    "prediction-markets": {
      "mcap_bn": 10.419799058,
      "vol_bn": 0.05182292218,
      "pct_7d": 8.136003066970346
    },
    "stablecoins": {
      "mcap_bn": 302.249955884,
      "vol_bn": 33.42641277,
      "pct_7d": -0.03600126599964117
    },
    "ai-agents": {
      "mcap_bn": 17.804637707,
      "vol_bn": 0.9636090102,
      "pct_7d": -1.1501177227865047
    },
    "solana-ecosystem": {
      "mcap_bn": 360.399835961,
      "vol_bn": 36.193694644,
      "pct_7d": -0.34276243892929265
    },
    "depin": {
      "mcap_bn": 6.499435428,
      "vol_bn": 0.333080221,
      "pct_7d": -5.189878797823347
    },
    "rwa": {
      "mcap_bn": 53.024940449,
      "vol_bn": 0.726603882,
      "pct_7d": -3.3443672059602743
    },
    "defi": {
      "mcap_bn": 75.671647333,
      "vol_bn": 1.394390222,
      "pct_7d": -1.8536521638938332
    },
    "liquid-staking": {
      "mcap_bn": 39.939158537,
      "vol_bn": 0.25520276549,
      "pct_7d": -7.537228856285824
    },
    "layer-2": {
      "mcap_bn": 5.010136709,
      "vol_bn": 0.19671977046,
      "pct_7d": -7.882789126272747
    },
    "memecoins": {
      "mcap_bn": 20.481320952,
      "vol_bn": 0.926339158,
      "pct_7d": -12.149548825179522
    },
    "gaming": {
      "mcap_bn": 2.571992894,
      "vol_bn": 0.15465748824,
      "pct_7d": 0.6782976583522243
    },
    "socialfi": {
      "mcap_bn": 1.151848113,
      "vol_bn": 0.08996082780999999,
      "pct_7d": -0.3769421462221593
    },
    "nft": {
      "mcap_bn": 3.966057215,
      "vol_bn": 0.273071474,
      "pct_7d": -2.874076948656858
    },
    "zk": {
      "mcap_bn": 9.39262851,
      "vol_bn": 0.303780893,
      "pct_7d": -14.410813167045834
    },
    "modular": {
      "mcap_bn": 3.371431322,
      "vol_bn": 0.36138518753,
      "pct_7d": -9.261657950927079
    },
    "bitcoin-ecosystem": {
      "mcap_bn": 1208.334527056,
      "vol_bn": 15.740091993210001,
      "pct_7d": -5.628787498902876
    },
    "oracle": {
      "mcap_bn": 6.134520192,
      "vol_bn": 0.19552259099000002,
      "pct_7d": -7.347450387194535
    },
    "privacy": {
      "mcap_bn": 13.082029001,
      "vol_bn": 0.28377789541,
      "pct_7d": -7.832533824112225
    },
    "dex-perps": {
      "mcap_bn": 21.879165316,
      "vol_bn": 0.815466615,
      "pct_7d": -6.964560250602514
    },
    "cex-tokens": {
      "mcap_bn": 99.824794101,
      "vol_bn": 0.66129715388,
      "pct_7d": -4.41589633034254
    },
    "tokenized-gold": {
      "mcap_bn": 4.954730362,
      "vol_bn": 0.08870532843,
      "pct_7d": -2.1272919640186903
    }
  }
}